education_undergrad_university,body_type_regular,pro_dogs,employed,seeing_someone_yhat
0,0,0.0,0,0.0
0,0,0.0,1,0.0
0,0,1.0,0,0.0
0,0,1.0,1,0.0
0,1,0.0,0,0.0
0,1,0.0,1,0.0
0,1,1.0,0,0.0
0,1,1.0,1,0.0
1,0,0.0,0,0.0
1,0,0.0,1,0.0
1,0,1.0,0,0.0
1,0,1.0,1,0.0
1,1,0.0,0,0.002457002457002457
1,1,0.0,1,0.0
1,1,1.0,0,0.0
1,1,1.0,1,0.0005624296962879641
