education_undergrad_university,body_type_regular,pro_dogs,employed,available_yhat
0,0,0.0,0,0.0
0,0,0.0,1,0.0012953367875647669
0,0,1.0,0,0.0
0,0,1.0,1,0.0
0,1,0.0,0,0.0
0,1,0.0,1,0.0010678056593699946
0,1,1.0,0,0.0
0,1,1.0,1,0.0
1,0,0.0,0,0.0
1,0,0.0,1,0.0005738880918220947
1,0,1.0,0,0.0
1,0,1.0,1,0.001185302252074279
1,1,0.0,0,0.0
1,1,0.0,1,0.0016700066800267202
1,1,1.0,0,0.0
1,1,1.0,1,0.0005624296962879641
