taurus,indian,washington,income_between_50_75,hinduism,single_yhat
0,0,0,0,0,0.9953583466872963
0,0,0,0,1,1.0
0,0,0,1,0,0.9991728701406121
0,0,0,1,1,1.0
0,0,1,0,0,1.0
0,1,0,0,0,0.9946808510638298
0,1,0,0,1,1.0
0,1,0,1,0,1.0
0,1,0,1,1,1.0
1,0,0,0,0,0.9930555555555556
1,0,0,1,0,1.0
1,0,0,1,1,1.0
1,1,0,0,0,1.0
1,1,0,0,1,1.0
